,store_id,store_type,store_brand,store_name,store_addr,store_geo_lat,store_geo_lng
0,-,샌드위치,써브웨이,써브웨이 강남역점,서울 강남구 강남대로96길 12,37.49973913,127.0280734
0,-,샌드위치,써브웨이,써브웨이 발산역점,서울 강서구 마곡중앙6로 93,37.56013568,126.8376979
0,-,샌드위치,써브웨이,써브웨이 잠실역점,서울 송파구 올림픽로 293-19,37.51512339,127.1024804
0,-,샌드위치,써브웨이,써브웨이 노원점,서울 노원구 노해로 502,37.65445005,127.0636923
0,-,샌드위치,써브웨이,써브웨이 선릉점,서울 강남구 테헤란로 337,37.50479491,127.0484575
0,-,샌드위치,써브웨이,써브웨이 강남구청역점,서울 강남구 선릉로 653,37.51488598,127.0418648
0,-,샌드위치,써브웨이,써브웨이 망우점,서울 중랑구 용마산로115길 127,37.59752321,127.0936689
0,-,샌드위치,써브웨이,써브웨이 논현역점,서울 서초구 강남대로 535,37.50960902,127.0215987
0,-,샌드위치,써브웨이,써브웨이 홍대점,서울 마포구 홍익로 10,37.55376198,126.9236938
0,-,샌드위치,써브웨이,써브웨이 삼성점,서울 강남구 삼성로 520,37.5087063,127.0559201
0,-,샌드위치,써브웨이,써브웨이 고덕역점,서울 강동구 동남로75길 13-10,37.55391965,127.1550392
0,-,샌드위치,써브웨이,써브웨이 송파역점,서울 송파구 송파대로 374,37.50133066,127.1112186
0,-,샌드위치,써브웨이,써브웨이 천호점,서울 강동구 올림픽로 664,37.54055538,127.1249758
0,-,샌드위치,써브웨이,써브웨이 가양역점,서울 강서구 양천로 470,37.56206474,126.8524822
0,-,샌드위치,써브웨이,써브웨이 낙성대역점,서울 관악구 남부순환로 1904,37.47786558,126.9606899
0,-,샌드위치,써브웨이,써브웨이 압구정역점,서울 강남구 압구정로28길 13,37.52566584,127.0278539
0,-,샌드위치,써브웨이,써브웨이 석촌호수점,서울 송파구 석촌호수로 298,37.51156602,127.1081705
0,-,샌드위치,써브웨이,써브웨이 가산디지털단지점,서울 금천구 가산디지털1로 165,37.48022756,126.8810275
0,-,샌드위치,써브웨이,써브웨이 종로점,서울 종로구 종로 77,37.57042433,126.9860351
0,-,샌드위치,써브웨이,써브웨이 신논현역점,서울 서초구 강남대로 499,37.50651794,127.023045
0,-,샌드위치,써브웨이,써브웨이 군자역점,서울 광진구 능동로 290,37.5555833,127.0789792
0,-,샌드위치,써브웨이,써브웨이 여의도화재보험점,서울 영등포구 국제금융로6길 38,37.5213851,126.9259953
0,-,샌드위치,써브웨이,써브웨이 문정역점,서울 송파구 법원로 114,37.48605528,127.1210094
0,-,샌드위치,써브웨이,써브웨이 역삼점,서울 강남구 테헤란로25길 20,37.501631,127.0356518
0,-,샌드위치,써브웨이,써브웨이 서울대점,서울 관악구 관악로 156,37.47912289,126.9526923
0,-,샌드위치,써브웨이,써브웨이 강남우성점,서울 강남구 강남대로66길 6,37.49165029,127.0314673
0,-,샌드위치,써브웨이,써브웨이 신림역점,서울 관악구 신림로 344,37.48515017,126.9299772
0,-,샌드위치,써브웨이,써브웨이 서초법원점,서울 서초구 법원로1길 1,37.49319386,127.0103114
0,-,샌드위치,써브웨이,써브웨이 시청점,서울 중구 세종대로 68,37.56226317,126.9766897
0,-,샌드위치,써브웨이,써브웨이 구로디지털점,서울 구로구 디지털로34길 55,37.48428564,126.8992821
0,-,샌드위치,써브웨이,써브웨이 노량진점,서울 동작구 노량진로 166,37.51335842,126.9447744
0,-,샌드위치,써브웨이,써브웨이 교대점,서울 서초구 서초중앙로22길 47,37.49360615,127.0166807
0,-,샌드위치,써브웨이,써브웨이 응암점,서울 은평구 은평로 108,37.59971232,126.9198826
0,-,샌드위치,써브웨이,써브웨이 독산점,서울 금천구 시흥대로 399,37.46935918,126.8970019
0,-,샌드위치,써브웨이,써브웨이 건대입구점,서울 광진구 아차산로 241,37.54050508,127.0701503
0,-,샌드위치,써브웨이,써브웨이 신사역점,서울 강남구 도산대로 124,37.51691297,127.0222855
0,-,샌드위치,써브웨이,써브웨이 강동성심병원점,서울 강동구 성안로 147,37.53645328,127.134588
0,-,샌드위치,써브웨이,써브웨이 강변역점,서울 광진구 강변역로4길 10,37.53534922,127.0934051
0,-,샌드위치,써브웨이,써브웨이 문정법조점,서울 송파구 충민로 5,37.48012994,127.1196368
0,-,샌드위치,써브웨이,써브웨이 방배점,서울 서초구 효령로 111,37.4812649,126.9961851
0,-,샌드위치,써브웨이,써브웨이 왕십리점,서울 성동구 왕십리로 328,37.5628245,127.0334002
0,-,샌드위치,써브웨이,써브웨이 언주역점,서울 강남구 봉은사로 206,37.50724149,127.0346532
0,-,샌드위치,써브웨이,써브웨이 이대점,서울 서대문구 이화여대7길 30,37.55883061,126.9439018
0,-,샌드위치,써브웨이,써브웨이 화곡역점,서울 강서구 강서로 159-1,37.54100726,126.8406226
0,-,샌드위치,써브웨이,써브웨이 당산역점,서울 영등포구 양평로 58,37.53506489,126.9006701
0,-,샌드위치,써브웨이,써브웨이 보라매점,서울 관악구 보라매로3길 29,37.49121134,126.9249903
0,-,샌드위치,써브웨이,써브웨이 문래점,서울 영등포구 선유로 70,37.52016265,126.8901457
0,-,샌드위치,써브웨이,써브웨이 영등포점,서울 영등포구 영중로 25,37.51851787,126.9053414
0,-,샌드위치,써브웨이,써브웨이 수유역점,서울 강북구 오패산로 417,37.63762863,127.0258387
0,-,샌드위치,써브웨이,써브웨이 장안사거리점,서울 동대문구 답십리로 293,37.57248315,127.0730327
0,-,샌드위치,써브웨이,써브웨이 경희대점,서울 동대문구 경희대로4길 6,37.59246487,127.0528575
0,-,샌드위치,써브웨이,써브웨이 포이사거리점,서울 강남구 논현로 84,37.47753818,127.0452772
0,-,샌드위치,써브웨이,써브웨이 공릉점,서울 노원구 공릉로 207,37.62791184,127.0776543
0,-,샌드위치,써브웨이,써브웨이 서울역동자점,서울 용산구 후암로 107,37.55346166,126.9735641
0,-,샌드위치,써브웨이,써브웨이 약수역점,서울 중구 다산로 153,37.55743932,127.0118369
0,-,샌드위치,써브웨이,써브웨이 상암점,서울 마포구 월드컵북로 361,37.5771097,126.8914039
0,-,샌드위치,써브웨이,써브웨이 동양미래대점,서울 구로구 고척동 62-160,37.50061626,126.86772
0,-,샌드위치,써브웨이,써브웨이 명동성당점,서울 중구 명동길 74,37.56367587,126.9867758
0,-,샌드위치,써브웨이,써브웨이 서울숲점,서울 성동구 왕십리로 108-1,37.54734673,127.0447728
0,-,샌드위치,써브웨이,써브웨이 홍대아트점,서울 마포구 와우산로 117,37.55342856,126.9264485
0,-,샌드위치,써브웨이,써브웨이 공덕역롯데캐슬점,서울 마포구 마포대로 109,37.54511882,126.9508863
0,-,샌드위치,써브웨이,써브웨이 잠실새내역점,서울 송파구 올림픽로 130,37.51137216,127.0849758
0,-,샌드위치,써브웨이,써브웨이 구산역점,서울 은평구 서오릉로 150,37.61194853,126.9165694
0,-,샌드위치,써브웨이,써브웨이 광장점,서울 광진구 아차산로 480,37.54045453,127.0952435
0,-,샌드위치,써브웨이,써브웨이 중랑역점,서울 중랑구 망우로 203,37.59399564,127.075009
0,-,샌드위치,써브웨이,써브웨이 동덕여대점,서울 성북구 화랑로13길 10,37.60389236,127.0427471
0,-,샌드위치,써브웨이,써브웨이 대림삼거리점,서울 영등포구 시흥대로 681,37.49231066,126.9087284
0,-,샌드위치,써브웨이,써브웨이 안국점,서울 종로구 우정국로 69,37.57519688,126.9824568
0,-,샌드위치,써브웨이,써브웨이 창동역점,서울 도봉구 마들로11길 61,37.65348822,127.0499002
0,-,샌드위치,써브웨이,써브웨이 신촌로데오점,서울 서대문구 연세로 23,37.55776216,126.9366902
0,-,샌드위치,써브웨이,써브웨이 오목교점,서울 양천구 오목로 315,37.52512806,126.872724
0,-,샌드위치,써브웨이,써브웨이 종로삼일대로점,서울 종로구 삼일대로 391,37.56948087,126.9873833
0,-,샌드위치,써브웨이,써브웨이 목동역점,서울 양천구 오목로 238,37.52589223,126.8639426
0,-,샌드위치,써브웨이,써브웨이 한양대점,서울 성동구 마조로 11,37.55893703,127.0406644
0,-,샌드위치,써브웨이,써브웨이 동대문역사문화공원역점,서울 중구 장충단로 227-2,37.56508979,127.0071793
0,-,샌드위치,써브웨이,써브웨이 광화문점,서울 종로구 새문안로3길 19,37.57202456,126.9724935
0,-,샌드위치,써브웨이,써브웨이 상암DMC푸르지오시티점,서울 마포구 월드컵북로54길 25,37.58209264,126.8889847
0,-,샌드위치,써브웨이,써브웨이 을지로입구점,서울 중구 남대문로 112,37.56717738,126.9830178
0,-,샌드위치,써브웨이,써브웨이 길음뉴타운점,서울 성북구 길음로7길 6,37.60433181,127.0223838
0,-,샌드위치,써브웨이,써브웨이 신촌점,서울 서대문구 신촌로 121,37.5562058,126.9392959
0,-,샌드위치,써브웨이,써브웨이 독립문점,서울 종로구 송월길 155,37.57172672,126.9616255
0,-,샌드위치,써브웨이,써브웨이 성신여대점,서울 성북구 보문로34길 78,37.59116837,127.0195938
0,-,샌드위치,써브웨이,써브웨이 성수역점,서울 성동구 아차산로 113,37.5446931,127.0569339
0,-,샌드위치,써브웨이,써브웨이 선정릉역점,서울 강남구 봉은사로 328,37.50972448,127.0429083
0,-,샌드위치,써브웨이,써브웨이 삼양솔샘점,서울 강북구 삼양로 162,37.6183872,127.0216221
0,-,샌드위치,써브웨이,써브웨이 연신내점,서울 은평구 연서로 215-1,37.61790735,126.9194844
0,-,샌드위치,써브웨이,써브웨이 세종대점,서울 광진구 광나루로 390,37.54735522,127.0729372
0,-,샌드위치,써브웨이,써브웨이 여의도KBS본관점,서울 영등포구 국회대로62길 25,37.52631973,126.9177174
0,-,샌드위치,써브웨이,써브웨이 뚝섬유원지역점,서울 광진구 뚝섬로34길 67,37.53168537,127.0682915
0,-,샌드위치,써브웨이,써브웨이 신설동역점,서울 동대문구 왕산로 15-1,37.57652715,127.0252687
0,-,샌드위치,써브웨이,써브웨이 합정역메세나폴리스점,서울 마포구 양화로 45,37.5515008,126.9139502
0,-,샌드위치,써브웨이,써브웨이 여의도국회의사당점,서울 영등포구 국회대로70길 19,37.52922435,126.920839
0,-,샌드위치,써브웨이,써브웨이 봉은사역점,서울 강남구 봉은사로 627,37.51522483,127.0640147
0,-,샌드위치,써브웨이,써브웨이 상왕십리점,서울 성동구 왕십리로 410,37.5665905,127.0240825
0,-,샌드위치,써브웨이,써브웨이 양천구청점,서울 양천구 목동서로 349,37.51740654,126.8653068
0,-,샌드위치,써브웨이,써브웨이 연희점,서울 서대문구 연희로 93,37.56647726,126.9303342
0,-,샌드위치,써브웨이,써브웨이 상수역점,서울 마포구 와우산로 44,37.54832595,126.9232133
0,-,샌드위치,써브웨이,써브웨이 대학로점,서울 종로구 동숭길 101,37.58246148,127.00402
0,-,샌드위치,써브웨이,써브웨이 묵동점,서울 중랑구 동일로 952,37.61533312,127.0768805
0,-,샌드위치,써브웨이,써브웨이 한남점,서울 용산구 대사관로 63,37.53346556,127.0052757
0,-,샌드위치,써브웨이,써브웨이 건대로데오점,서울 광진구 동일로20길 106,37.53952037,127.0692485
0,-,샌드위치,써브웨이,써브웨이 을지로3가점,서울 중구 을지로 103-1,37.56643021,126.9894336
0,-,샌드위치,써브웨이,써브웨이 구의점,서울 광진구 자양로 113,37.53790044,127.0829701
0,-,샌드위치,써브웨이,써브웨이 숭실대점,서울 동작구 사당로 12-1,37.49528143,126.9558182
0,-,샌드위치,써브웨이,써브웨이 선유도역점,서울 영등포구 양평로 121,37.53760893,126.8941054
0,-,샌드위치,써브웨이,써브웨이 아차산역점,서울 광진구 천호대로 666,37.55135719,127.089313
0,-,샌드위치,써브웨이,써브웨이 석촌역점,서울 송파구 송파대로 438,37.50592606,127.1070193
0,-,샌드위치,써브웨이,써브웨이 광운대역점,서울 노원구 광운로 57,37.62263843,127.059561
0,-,샌드위치,써브웨이,써브웨이 정동점,서울 중구 새문안로 30,37.567824,126.9691064
0,-,샌드위치,써브웨이,써브웨이 미아역점,서울 강북구 도봉로 209,37.62725872,127.0254801
0,-,샌드위치,써브웨이,써브웨이 대청점,서울 강남구 일원로3길 4,37.49105058,127.081177
0,-,샌드위치,써브웨이,써브웨이 등촌역점,서울 양천구 공항대로 552,37.54955402,126.8669495
0,-,샌드위치,써브웨이,써브웨이 용산아이파크몰점,서울 용산구 한강대로23길 55,37.5297718,126.9647415
0,-,샌드위치,써브웨이,써브웨이 고려대점,서울 성북구 고려대로 88,37.58614718,127.0290553
0,-,샌드위치,써브웨이,써브웨이 마포점,서울 마포구 마포대로 53,37.54143216,126.9470541
0,-,샌드위치,써브웨이,써브웨이 망원역점,서울 마포구 월드컵로 87,37.5564743,126.9092406
0,-,샌드위치,써브웨이,써브웨이 홍제역점,서울 서대문구 통일로 432-1,37.58781141,126.945721
0,-,샌드위치,써브웨이,써브웨이 중앙대점,서울 동작구 흑석로 79,37.50702932,126.9584214
0,-,샌드위치,써브웨이,써브웨이 양천향교역점,서울 강서구 강서로 471,37.5674482,126.8405733
0,-,샌드위치,써브웨이,써브웨이 경복궁점,서울 종로구 사직로 115,37.57629071,126.971511
0,-,샌드위치,써브웨이,써브웨이 쌍문역점,서울 도봉구 도봉로 468,37.64738619,127.0343726
0,-,샌드위치,써브웨이,써브웨이 마포구청점,서울 마포구 월드컵로34길 7,37.56506101,126.9030549
0,-,샌드위치,써브웨이,써브웨이 숙명여대점,서울 용산구 청파로47길 42,37.54483002,126.9681621
0,-,샌드위치,써브웨이,써브웨이 대치도곡점,서울 강남구 삼성로 151,37.49315498,127.063
0,-,샌드위치,써브웨이,써브웨이 미아사거리역점,서울 강북구 도봉로 41-1,37.61271841,127.0296748
0,-,샌드위치,써브웨이,써브웨이 회현점,서울 중구 소공로 35,37.55822471,126.9817445
0,-,샌드위치,써브웨이,써브웨이 길동역점,서울 강동구 양재대로 1471,37.53736075,127.1392685
0,-,샌드위치,써브웨이,써브웨이 성대점,서울 종로구 창경궁로 234,37.58249839,126.9985271
0,-,샌드위치,써브웨이,써브웨이 구파발역점,서울 은평구 진관2로 29-21,37.63574173,126.9193416
0,-,샌드위치,써브웨이,써브웨이 용산전자랜드점,서울 용산구 청파로 74,37.53278886,126.9595585
0,-,샌드위치,써브웨이,써브웨이 동묘앞역점,서울 종로구 종로 347,37.57405626,127.016
0,-,샌드위치,써브웨이,써브웨이 동대문역점,서울 종로구 종로 263-1,37.57137675,127.0072162
0,-,샌드위치,써브웨이,써브웨이 순화동라마다점,서울 중구 칠패로 27,37.5602669,126.9720353
0,-,샌드위치,써브웨이,써브웨이 대학로마로니에점,서울 종로구 대학로10길 11,37.58185298,127.0028053
0,-,샌드위치,써브웨이,써브웨이 종로5가점,서울 종로구 종로 213-1,37.57118613,127.0015312
0,-,샌드위치,써브웨이,써브웨이 남영역점,서울 용산구 한강대로 271,37.5424183,126.9724042
0,-,샌드위치,써브웨이,써브웨이 수서역점,서울 강남구 밤고개로1길 10,37.48802449,127.1018445
0,-,샌드위치,써브웨이,써브웨이 신당역점,서울 중구 퇴계로 388-1,37.56501043,127.0147389
0,-,샌드위치,써브웨이,써브웨이 가재울점,서울 서대문구 수색로 100,37.57472719,126.9078149
0,-,샌드위치,써브웨이,써브웨이 명지대점,서울 서대문구 거북골로 23,37.58000935,126.9248488
0,-,샌드위치,써브웨이,써브웨이 용산아스테리움점,서울 용산구 한강대로30길 25,37.52735855,126.9688617
0,-,샌드위치,써브웨이,써브웨이 충정로점,서울 서대문구 충정로 23,37.56114305,126.9629447
0,-,샌드위치,써브웨이,써브웨이 외대점,서울 동대문구 이문로 116,37.59694888,127.0608246
0,-,샌드위치,써브웨이,써브웨이 한성대점,서울 성북구 동소문로 10,37.58873277,127.0073336
0,-,샌드위치,써브웨이,써브웨이 북촌점,서울 종로구 율곡로 67,37.57732512,126.9866077
0,-,샌드위치,써브웨이,써브웨이 구로NC점,서울 구로구 구로중앙로 152,37.50116014,126.882773
0,-,샌드위치,써브웨이,써브웨이 학동역점,서울 강남구 학동로 171,37.51404673,127.0295507
0,-,샌드위치,써브웨이,써브웨이 천호역점,서울 강동구 천호대로 1012,37.53809778,127.1241518
0,-,샌드위치,써브웨이,써브웨이 연세대점,서울 서대문구 연세로 50,37.56380644,126.9429309
0,-,샌드위치,써브웨이,써브웨이 국민대학교점,서울 성북구 정릉로 77,37.61028784,126.9985206
0,-,샌드위치,써브웨이,써브웨이 노량진역점,서울 동작구 노량진로 152-1,37.5134559,126.9428572
0,-,샌드위치,써브웨이,써브웨이 상일동점,서울 강동구 상일로6길 21,37.5497419,127.1743552
